ApplicantID,Gender,Age,MonthlyIncome,LoanAmount,CreditScore,EmploymentStatus,ExistingLoans,LoanTerm,PropertyArea,LoanApproved
LP001001,Male,28,4670.0,74400.0,663.0,Employed,0,180,Semi-Urban,1
LP001002,Female,28,5390.0,185900.0,,Employed,0,180,Rural,1
LP001003,Female,35,5900.0,81400.0,652.0,Employed,0,120,Semi-Urban,0
LP001004,Male,42,5730.0,125600.0,696.0,Employed,0,36,Semi-Urban,0
LP001005,Male,48,6900.0,234100.0,686.0,Employed,2,360,Semi-Urban,1
LP001006,Male,29,8640.0,116500.0,667.0,Employed,0,60,Urban,1
LP001007,Male,54,8310.0,178000.0,730.0,Self-Employed,1,60,Urban,1
LP001008,Female,35,6970.0,176600.0,685.0,Employed,0,180,Semi-Urban,1
LP001009,Male,37,2280.0,59900.0,656.0,Employed,2,180,Semi-Urban,1
LP001010,Female,29,1940.0,19900.0,360.0,Unemployed,1,12,Rural,0
LP001011,Male,21,5580.0,78100.0,594.0,Employed,0,60,Urban,0
LP001012,Female,47,4250.0,143600.0,594.0,Employed,1,180,Rural,1
LP001013,Female,46,4000.0,93200.0,696.0,Employed,0,240,Urban,1
LP001014,Male,34,7690.0,239800.0,775.0,Employed,1,120,Semi-Urban,1
LP001015,Male,38,3860.0,109600.0,671.0,Employed,0,180,Semi-Urban,1
LP001016,Male,43,4300.0,87300.0,673.0,Employed,5,180,Urban,1
LP001017,Male,21,9720.0,443800.0,728.0,Employed,0,360,Urban,1
LP001018,Male,32,7220.0,90000.0,690.0,Self-Employed,0,120,Urban,1
LP001019,Male,46,10500.0,204100.0,723.0,Employed,1,60,Urban,1
LP001020,Male,24,8420.0,223700.0,698.0,Employed,0,180,Semi-Urban,1
LP001021,Male,41,2770.0,39000.0,634.0,Self-Employed,2,240,Urban,1
LP001022,Male,23,,59400.0,709.0,Employed,1,60,Semi-Urban,1
LP001023,Male,43,12620.0,364000.0,788.0,Self-Employed,1,180,Urban,1
LP001024,Male,37,2770.0,31200.0,715.0,Employed,0,12,Rural,1
LP001025,Male,21,8470.0,87600.0,661.0,Self-Employed,2,36,Rural,1
LP001026,Female,50,5320.0,200900.0,614.0,Employed,1,180,Semi-Urban,1
LP001027,Male,29,1850.0,44400.0,786.0,Self-Employed,0,120,Semi-Urban,1
LP001028,Male,29,800.0,12200.0,474.0,Unemployed,0,360,Urban,0
LP001029,Male,40,5860.0,123700.0,552.0,Employed,0,240,Rural,1
LP001030,Male,50,27040.0,500000.0,637.0,Employed,4,180,Urban,1
LP001031,Male,26,4910.0,83700.0,613.0,Employed,0,180,Urban,1
LP001032,Male,38,2920.0,90800.0,761.0,Employed,1,180,Urban,1
LP001033,Male,42,6310.0,74000.0,553.0,Employed,0,36,Semi-Urban,0
LP001034,Female,45,1740.0,31000.0,752.0,Employed,0,360,Semi-Urban,1
LP001035,Female,39,5160.0,141800.0,741.0,Employed,1,360,Semi-Urban,1
LP001036,Female,33,5480.0,123600.0,618.0,Employed,3,60,Semi-Urban,0
LP001037,Male,28,8410.0,80700.0,522.0,Employed,1,60,Urban,1
LP001038,Male,38,9280.0,92700.0,515.0,Employed,2,60,Rural,0
LP001039,Female,26,4120.0,109600.0,697.0,Employed,1,240,Semi-Urban,1
LP001040,Male,21,5000.0,195800.0,662.0,Employed,0,240,Semi-Urban,1
LP001041,Male,42,3560.0,124100.0,,Employed,0,360,Semi-Urban,1
LP001042,Male,47,2920.0,106900.0,674.0,Employed,1,360,Urban,1
LP001043,Male,21,6440.0,140700.0,598.0,Employed,3,180,Urban,1
LP001044,Female,26,2700.0,28800.0,463.0,Employed,2,240,Semi-Urban,0
LP001045,Male,44,4320.0,153300.0,741.0,Employed,0,240,Urban,1
LP001046,Female,60,3140.0,110900.0,631.0,Self-Employed,0,180,Urban,0
LP001047,Male,38,7350.0,96500.0,650.0,Employed,0,180,Rural,1
LP001048,Male,29,14630.0,455400.0,529.0,Employed,3,240,Semi-Urban,1
LP001049,Male,35,2540.0,71200.0,529.0,Self-Employed,2,180,Semi-Urban,1
LP001050,Male,53,1720.0,23800.0,755.0,Self-Employed,2,240,Semi-Urban,1
LP001051,Female,30,1460.0,43500.0,639.0,Unemployed,0,240,Rural,0
LP001052,Female,29,7000.0,226300.0,740.0,Employed,1,240,Urban,1
LP001053,Female,32,6150.0,144300.0,663.0,Employed,1,240,Rural,1
LP001054,Female,27,3640.0,51700.0,549.0,Self-Employed,0,180,Semi-Urban,0
LP001055,Male,39,2520.0,30700.0,837.0,Employed,1,240,Urban,1
LP001056,Female,55,9370.0,198900.0,711.0,Employed,0,180,Urban,1
LP001057,Male,41,7150.0,85400.0,690.0,Self-Employed,0,120,Semi-Urban,1
LP001058,Male,35,7540.0,68500.0,618.0,Self-Employed,2,12,Semi-Urban,0
LP001059,Male,34,1200.0,34000.0,391.0,Unemployed,2,180,Urban,0
LP001060,Male,21,1300.0,32900.0,665.0,Unemployed,0,180,Semi-Urban,0
LP001061,Male,47,4080.0,131000.0,600.0,Self-Employed,1,360,Semi-Urban,1
LP001062,Male,37,4790.0,133200.0,720.0,Employed,0,180,Semi-Urban,1
LP001063,Female,36,17280.0,481100.0,737.0,Self-Employed,1,180,Rural,1
LP001064,Male,68,3330.0,44500.0,670.0,Employed,2,120,Rural,0
LP001065,Male,41,2350.0,23100.0,,Employed,2,36,Semi-Urban,1
LP001066,Male,29,,137700.0,780.0,Self-Employed,1,360,Rural,1
LP001067,Male,33,7640.0,185400.0,620.0,Employed,0,120,Urban,1
LP001068,Female,50,3940.0,80600.0,692.0,Employed,0,240,Urban,1
LP001069,Male,39,4480.0,171500.0,663.0,Employed,1,240,Urban,1
LP001070,Female,22,7590.0,157100.0,542.0,Self-Employed,0,180,Semi-Urban,1
LP001071,Female,48,4990.0,112900.0,666.0,Employed,2,360,Semi-Urban,1
LP001072,Male,30,12710.0,348200.0,773.0,Self-Employed,0,180,Semi-Urban,1
LP001073,Male,58,20750.0,385900.0,783.0,Employed,0,120,Urban,1
LP001074,Female,49,1910.0,77900.0,819.0,Self-Employed,0,360,Urban,1
LP001075,Female,33,14930.0,496700.0,476.0,Self-Employed,4,360,Rural,0
LP001076,Female,52,5760.0,130900.0,802.0,Employed,0,60,Rural,1
LP001077,Female,38,11660.0,58100.0,693.0,Employed,1,12,Semi-Urban,1
LP001078,Male,47,8090.0,73600.0,800.0,Employed,0,60,Semi-Urban,1
LP001079,Male,43,1020.0,25900.0,550.0,Unemployed,0,120,Semi-Urban,0
LP001080,Male,28,5620.0,167800.0,640.0,Employed,1,360,Urban,1
LP001081,Female,30,1980.0,66000.0,488.0,Unemployed,1,180,Semi-Urban,0
LP001082,Male,49,3550.0,54500.0,738.0,Employed,1,180,Semi-Urban,1
LP001083,Male,34,11130.0,142800.0,683.0,Self-Employed,2,360,Semi-Urban,1
LP001084,Male,33,3490.0,66700.0,596.0,Self-Employed,0,180,Urban,0
LP001085,Male,27,9890.0,100800.0,517.0,Self-Employed,0,120,Rural,1
LP001086,Male,42,1130.0,23700.0,541.0,Unemployed,3,360,Rural,0
LP001087,Female,60,14500.0,476500.0,719.0,Employed,0,360,Urban,1
LP001088,Male,26,5470.0,113400.0,605.0,Employed,1,360,Semi-Urban,1
LP001089,Female,38,5390.0,68300.0,555.0,Self-Employed,2,180,Rural,1
LP001090,Male,53,3290.0,157600.0,729.0,Self-Employed,0,360,Urban,1
LP001091,Male,37,27300.0,500000.0,819.0,Employed,1,60,Semi-Urban,1
LP001092,Female,42,3010.0,65600.0,642.0,Employed,0,180,Semi-Urban,1
LP001093,Female,26,4290.0,154900.0,614.0,Employed,0,360,Semi-Urban,1
LP001094,Male,42,6830.0,151000.0,702.0,Employed,0,120,Rural,1
LP001095,Female,35,7560.0,207000.0,692.0,Employed,2,360,Urban,1
LP001096,Male,48,9200.0,182500.0,652.0,Employed,0,180,Urban,1
LP001097,Male,51,22370.0,254600.0,831.0,Self-Employed,1,36,Urban,1
LP001098,Male,66,7180.0,337100.0,677.0,Employed,3,360,Urban,1
LP001099,Male,44,3040.0,43400.0,651.0,Employed,1,60,Semi-Urban,1
LP001100,Male,41,4720.0,136100.0,560.0,Employed,1,240,Semi-Urban,1
LP001101,Male,40,6430.0,73700.0,778.0,Employed,1,60,Urban,1
LP001102,Male,34,26840.0,500000.0,769.0,Self-Employed,0,360,Semi-Urban,1
LP001103,Male,41,1590.0,20800.0,557.0,Unemployed,1,120,Semi-Urban,0
LP001104,Male,34,7880.0,131600.0,706.0,Employed,1,120,Urban,1
LP001105,Female,39,5230.0,82000.0,598.0,Self-Employed,4,60,Semi-Urban,0
LP001106,Male,52,3610.0,55500.0,649.0,Self-Employed,3,360,Semi-Urban,1
LP001107,Male,26,7100.0,275900.0,568.0,Self-Employed,2,240,Semi-Urban,0
LP001108,Female,50,12960.0,207800.0,557.0,Employed,2,240,Urban,0
LP001109,Male,52,1850.0,25500.0,640.0,Unemployed,1,180,Semi-Urban,1
LP001110,Male,36,4580.0,123700.0,750.0,Employed,1,180,Rural,1
LP001111,Male,21,9270.0,199900.0,608.0,Employed,2,60,Semi-Urban,1
LP001112,Male,31,5390.0,149200.0,623.0,Employed,0,180,Urban,1
LP001113,Female,52,3910.0,47000.0,696.0,Employed,4,120,Semi-Urban,1
LP001114,Female,37,2300.0,101100.0,626.0,Employed,0,360,Urban,1
LP001115,Male,27,8520.0,220500.0,684.0,Employed,1,360,Semi-Urban,1
LP001116,Female,32,6860.0,115300.0,674.0,Employed,1,180,Urban,1
LP001117,Female,47,3210.0,51900.0,499.0,Self-Employed,3,60,Urban,0
LP001118,Male,44,4330.0,79600.0,694.0,Self-Employed,0,360,Semi-Urban,1
LP001119,Female,35,4200.0,55900.0,687.0,Employed,1,60,Urban,1
LP001120,Male,33,2230.0,26900.0,707.0,Self-Employed,1,60,Semi-Urban,1
LP001121,Female,33,3560.0,91500.0,691.0,Self-Employed,0,120,Urban,1
LP001122,Female,27,2850.0,78500.0,805.0,Self-Employed,2,180,Urban,1
LP001123,Male,55,4330.0,178600.0,767.0,Employed,1,360,Rural,1
LP001124,Male,34,3760.0,103600.0,682.0,Self-Employed,1,120,Rural,1
LP001125,Male,51,1470.0,17700.0,589.0,Unemployed,0,60,Urban,0
LP001126,Male,54,1580.0,44000.0,812.0,Self-Employed,1,180,Semi-Urban,1
LP001127,Female,48,3600.0,100500.0,744.0,Employed,1,240,Urban,1
LP001128,Female,33,7000.0,,587.0,Employed,0,120,Semi-Urban,1
LP001129,Male,42,6370.0,132600.0,751.0,Employed,0,120,Semi-Urban,1
LP001130,Male,37,3570.0,128600.0,703.0,Employed,4,360,Urban,1
LP001131,Male,28,10330.0,271200.0,801.0,Employed,1,360,Semi-Urban,1
LP001132,Male,41,3780.0,84900.0,649.0,Employed,1,360,Urban,1
LP001133,Male,25,8720.0,209200.0,644.0,Self-Employed,0,360,Urban,1
LP001134,Male,51,4900.0,126500.0,609.0,Self-Employed,0,60,Semi-Urban,0
LP001135,Female,32,3370.0,54800.0,703.0,Employed,0,120,Semi-Urban,1
LP001136,Male,40,1870.0,25500.0,634.0,Unemployed,0,120,Semi-Urban,0
LP001137,Male,41,2610.0,88400.0,641.0,Employed,1,120,Semi-Urban,0
LP001138,Female,35,10480.0,238400.0,669.0,Self-Employed,1,360,Semi-Urban,1
LP001139,Male,44,15580.0,260500.0,525.0,Self-Employed,1,360,Semi-Urban,0
LP001140,Female,32,35000.0,500000.0,793.0,Self-Employed,0,240,Urban,1
LP001141,Female,47,1610.0,33000.0,462.0,Unemployed,1,60,Semi-Urban,0
LP001142,Male,23,7210.0,90000.0,708.0,Employed,0,360,Semi-Urban,1
LP001143,Male,39,4850.0,83200.0,697.0,Self-Employed,0,360,Semi-Urban,1
LP001144,Male,59,10020.0,157200.0,613.0,Employed,3,60,Semi-Urban,1
LP001145,Male,26,2940.0,64300.0,685.0,Self-Employed,1,360,Urban,1
LP001146,Male,30,9670.0,153700.0,604.0,Self-Employed,1,120,Semi-Urban,1
LP001147,Male,43,1470.0,21300.0,,Self-Employed,0,60,Urban,1
LP001148,Male,39,7880.0,234400.0,682.0,Employed,3,240,Semi-Urban,1
LP001149,Male,41,2960.0,86600.0,774.0,Self-Employed,1,240,Semi-Urban,1
LP001150,Male,43,6330.0,105800.0,613.0,Employed,2,60,Rural,1
LP001151,Female,44,11460.0,230100.0,562.0,Employed,0,120,Semi-Urban,0
LP001152,Male,50,11230.0,366700.0,551.0,Self-Employed,4,360,Rural,0
LP001153,Male,42,10650.0,147300.0,783.0,Employed,2,240,Semi-Urban,1
LP001154,Male,35,13830.0,237000.0,591.0,Self-Employed,2,240,Rural,1
LP001155,Female,45,4070.0,54100.0,672.0,Employed,0,120,Semi-Urban,1
LP001156,Male,58,7550.0,82000.0,786.0,Employed,0,36,Rural,1
LP001157,Female,36,1890.0,22600.0,640.0,Self-Employed,0,120,Urban,1
LP001158,Female,27,3720.0,68300.0,667.0,Employed,0,120,Urban,1
LP001159,Male,50,11680.0,339100.0,704.0,Employed,2,120,Semi-Urban,1
LP001160,Female,36,4820.0,56700.0,808.0,Self-Employed,0,60,Rural,1
LP001161,Male,21,1940.0,37600.0,631.0,Employed,0,180,Semi-Urban,1
LP001162,Male,47,,414800.0,784.0,Employed,0,120,Urban,1
LP001163,Male,32,7400.0,315000.0,658.0,Employed,0,360,Semi-Urban,1
LP001164,Male,37,10780.0,231500.0,613.0,,0,60,Semi-Urban,1
LP001165,Male,41,3180.0,55700.0,663.0,Self-Employed,2,180,Urban,1
LP001166,Female,40,7700.0,94900.0,593.0,Self-Employed,1,12,Semi-Urban,0
LP001167,Male,45,6260.0,185600.0,715.0,Employed,0,180,Rural,1
LP001168,Male,33,3550.0,36600.0,850.0,Self-Employed,0,36,Rural,1
LP001169,Male,43,5600.0,155500.0,762.0,Self-Employed,0,360,Urban,1
LP001170,Male,35,2210.0,33000.0,672.0,Self-Employed,0,360,Urban,1
LP001171,Female,46,4490.0,54200.0,,Employed,1,180,Urban,1
LP001172,Male,44,12480.0,129100.0,610.0,Self-Employed,1,60,Urban,0
LP001173,Male,27,3740.0,117300.0,622.0,Self-Employed,1,180,Urban,1
LP001174,Male,49,15510.0,361900.0,674.0,Employed,1,360,Semi-Urban,1
LP001175,Male,32,2470.0,24500.0,686.0,Employed,0,60,Urban,1
LP001176,Male,46,5260.0,115600.0,513.0,Self-Employed,3,180,Rural,0
LP001177,Female,42,3790.0,128400.0,622.0,Employed,2,360,Rural,0
LP001178,Male,58,800.0,34600.0,499.0,Unemployed,3,360,Urban,0
LP001179,Female,35,2190.0,36900.0,795.0,Self-Employed,0,360,Rural,1
LP001180,Male,34,4810.0,98600.0,512.0,Employed,3,360,Semi-Urban,1
LP001181,Male,37,4880.0,203200.0,541.0,Employed,2,360,Semi-Urban,1
LP001182,Male,34,7310.0,171700.0,658.0,Employed,2,180,Urban,0
LP001183,Female,46,800.0,10900.0,666.0,Unemployed,0,180,Semi-Urban,1
LP001184,Female,21,7790.0,298200.0,721.0,Employed,1,360,Urban,1
LP001185,Male,26,6740.0,141900.0,632.0,Self-Employed,3,240,Semi-Urban,1
LP001186,Female,26,5980.0,152200.0,658.0,Employed,1,360,Urban,1
LP001187,Female,48,3190.0,31300.0,730.0,Employed,1,12,Semi-Urban,0
LP001188,Male,56,5220.0,171800.0,672.0,Employed,3,180,Urban,0
LP001189,Male,36,10120.0,127400.0,660.0,Employed,0,120,Urban,1
LP001190,Male,36,2190.0,49800.0,508.0,Unemployed,1,120,Semi-Urban,0
LP001191,Male,38,4090.0,113200.0,609.0,Employed,1,120,Semi-Urban,1
LP001192,Female,50,6120.0,181300.0,675.0,Employed,3,240,Semi-Urban,1
LP001193,Female,27,7060.0,84500.0,564.0,Employed,0,60,Urban,1
LP001194,Male,40,2080.0,84000.0,805.0,Employed,1,240,Rural,1
LP001195,Male,48,4040.0,119300.0,645.0,Employed,1,240,Semi-Urban,1
LP001196,Male,43,5280.0,109400.0,668.0,Self-Employed,2,120,Urban,1
LP001197,Female,40,6250.0,117600.0,732.0,Employed,1,120,Semi-Urban,1
LP001198,Female,49,10470.0,288600.0,558.0,Employed,3,240,Semi-Urban,1
LP001199,Female,21,3550.0,109100.0,575.0,Employed,3,360,Urban,0
LP001200,Female,45,800.0,29100.0,589.0,Unemployed,0,360,Semi-Urban,0
LP001201,Male,30,4130.0,63700.0,615.0,Employed,0,360,Rural,1
LP001202,Male,21,8970.0,345500.0,599.0,Employed,0,360,Semi-Urban,1
LP001203,Male,43,3950.0,103900.0,606.0,Self-Employed,0,180,Urban,1
LP001204,Female,53,6900.0,100900.0,770.0,Employed,1,360,Rural,1
LP001205,Male,36,4590.0,85200.0,639.0,Employed,3,360,Urban,1
LP001206,Male,48,3610.0,75200.0,585.0,Employed,2,360,Rural,0
LP001207,Male,55,5010.0,30100.0,745.0,Self-Employed,0,12,Urban,1
LP001208,Female,52,6540.0,136600.0,624.0,Employed,0,360,Semi-Urban,1
LP001209,Male,56,11970.0,225700.0,533.0,Self-Employed,1,180,Semi-Urban,0
LP001210,Male,46,4730.0,178800.0,732.0,Employed,1,360,Urban,1
LP001211,Male,38,2800.0,59000.0,,Employed,0,60,Semi-Urban,1
LP001212,Female,21,9410.0,340400.0,,Employed,2,180,Semi-Urban,1
LP001213,Female,35,3310.0,100000.0,468.0,Employed,3,120,Urban,0
LP001214,Male,28,7570.0,158500.0,678.0,Self-Employed,0,120,Semi-Urban,1
LP001215,Female,61,5360.0,95900.0,624.0,Employed,2,60,Semi-Urban,1
LP001216,Male,36,4980.0,156600.0,708.0,Employed,0,360,Urban,1
LP001217,Male,39,4160.0,48500.0,616.0,Employed,1,12,Rural,1
LP001218,Female,44,1320.0,37000.0,554.0,Unemployed,1,120,Rural,0
LP001219,Male,38,1810.0,25100.0,573.0,Employed,0,60,Urban,1
LP001220,Female,56,1740.0,41400.0,526.0,Unemployed,3,180,Semi-Urban,0
LP001221,Female,31,5530.0,114800.0,576.0,Employed,1,120,Urban,1
LP001222,Male,40,6800.0,190600.0,712.0,Employed,1,120,Semi-Urban,1
LP001223,Male,29,6600.0,116900.0,623.0,Employed,0,180,Rural,1
LP001224,Male,23,10950.0,316800.0,444.0,Employed,0,240,Urban,0
LP001225,Male,31,6060.0,131100.0,739.0,Employed,0,60,Rural,1
LP001226,Male,37,3440.0,77200.0,717.0,Employed,1,60,Semi-Urban,1
LP001227,Female,33,1040.0,14600.0,681.0,Unemployed,1,120,Urban,0
LP001228,Male,30,2050.0,82400.0,523.0,Self-Employed,0,360,Rural,1
LP001229,Female,22,1780.0,45000.0,630.0,Self-Employed,1,180,Semi-Urban,1
LP001230,Male,37,4670.0,156100.0,689.0,Employed,1,180,Semi-Urban,1
LP001231,Female,21,5300.0,130500.0,722.0,Employed,1,120,Semi-Urban,1
LP001232,Male,46,5780.0,196600.0,570.0,Employed,1,180,Urban,1
LP001233,Male,38,6590.0,48300.0,642.0,Self-Employed,3,36,Urban,0
LP001234,Male,21,800.0,6300.0,537.0,Unemployed,1,36,Rural,0
LP001235,Male,34,3260.0,49500.0,540.0,Employed,1,180,Semi-Urban,1
LP001236,Female,29,4770.0,110200.0,623.0,Employed,0,180,Rural,1
LP001237,Male,41,4540.0,45600.0,718.0,Employed,0,60,Urban,1
LP001238,Male,52,1430.0,19000.0,544.0,Employed,0,240,Semi-Urban,1
LP001239,Male,21,,97700.0,727.0,Employed,1,360,Rural,0
LP001240,Male,39,7730.0,285800.0,701.0,Employed,0,180,Urban,1
LP001241,Female,36,11080.0,175600.0,660.0,Self-Employed,0,240,Urban,0
LP001242,Female,45,1980.0,37300.0,522.0,Employed,2,360,Semi-Urban,0
LP001243,Female,40,3470.0,59400.0,563.0,Employed,0,360,Urban,1
LP001244,Male,29,1040.0,16500.0,550.0,Unemployed,0,180,Urban,0
LP001245,Male,34,2970.0,124200.0,595.0,Employed,0,240,Rural,1
LP001246,Female,29,5230.0,120900.0,619.0,Employed,2,60,Rural,1
LP001247,Male,49,6890.0,233600.0,747.0,Employed,0,180,Semi-Urban,1
LP001248,Female,38,8160.0,222600.0,659.0,Employed,1,120,Semi-Urban,1
LP001249,Female,58,22350.0,444400.0,657.0,Employed,1,60,Rural,1
LP001250,Female,37,1310.0,31700.0,657.0,Self-Employed,1,180,Semi-Urban,1
LP001251,Male,30,7590.0,188100.0,756.0,Employed,1,60,Urban,1
LP001252,Male,21,4000.0,90500.0,742.0,Employed,2,240,Urban,1
LP001253,Female,21,4190.0,140200.0,711.0,Self-Employed,0,180,Urban,1
LP001254,Male,21,3860.0,51100.0,690.0,Employed,0,180,Urban,1
LP001255,Male,40,3340.0,33100.0,697.0,Self-Employed,0,60,Urban,1
LP001256,Male,43,20520.0,285300.0,787.0,Self-Employed,0,60,Urban,1
LP001257,Female,21,8630.0,214500.0,715.0,Employed,0,180,Urban,1
LP001258,Female,47,6410.0,118400.0,794.0,Self-Employed,0,360,Urban,1
LP001259,Male,32,11420.0,132800.0,648.0,Employed,1,60,Semi-Urban,1
LP001260,Male,39,800.0,28000.0,479.0,Unemployed,1,120,Urban,0
LP001261,Male,55,2360.0,110400.0,629.0,Employed,0,360,Rural,1
LP001262,Female,47,2150.0,24200.0,537.0,Unemployed,1,36,Urban,0
LP001263,Male,35,2490.0,60300.0,800.0,Self-Employed,0,360,Rural,1
LP001264,Male,28,1640.0,40500.0,735.0,Employed,0,180,Rural,1
LP001265,Female,21,3700.0,76700.0,632.0,Employed,1,180,Semi-Urban,1
LP001266,Female,30,890.0,22000.0,640.0,Unemployed,0,120,Semi-Urban,0
LP001267,Female,35,7070.0,151100.0,670.0,Self-Employed,0,120,Rural,1
LP001268,Female,27,9900.0,213300.0,802.0,Employed,0,120,Urban,1
LP001269,Male,36,2250.0,107600.0,584.0,Self-Employed,3,360,Rural,0
LP001270,Male,38,6980.0,89400.0,564.0,Employed,1,240,Semi-Urban,1
LP001271,Female,35,4730.0,115200.0,665.0,Employed,0,240,Semi-Urban,0
LP001272,Female,30,3840.0,148900.0,620.0,Employed,2,360,Urban,1
LP001273,Female,39,6050.0,76600.0,579.0,Employed,1,120,Semi-Urban,1
LP001274,Female,42,6590.0,136600.0,723.0,Self-Employed,1,240,Semi-Urban,1
LP001275,Male,26,3470.0,117600.0,751.0,Employed,2,180,Semi-Urban,1
LP001276,Male,53,3460.0,68300.0,595.0,Self-Employed,0,360,Semi-Urban,1
LP001277,Female,36,2290.0,53500.0,752.0,Employed,0,120,Urban,1
LP001278,Male,38,6430.0,270400.0,634.0,Employed,1,240,Urban,1
LP001279,Female,45,2730.0,85700.0,678.0,Employed,1,360,Semi-Urban,1
LP001280,Female,40,5440.0,106000.0,670.0,Employed,1,180,Urban,1
LP001281,Female,48,7520.0,94500.0,678.0,Employed,1,36,Urban,1
LP001282,Male,41,6090.0,74300.0,645.0,Employed,3,180,Urban,1
LP001283,Male,31,3650.0,54400.0,533.0,Employed,3,120,Urban,0
LP001284,Male,41,8950.0,263000.0,741.0,Employed,2,240,Semi-Urban,1
LP001285,Male,25,4340.0,108300.0,682.0,Employed,2,360,Urban,1
LP001286,Male,39,2610.0,80600.0,672.0,Employed,3,180,Rural,1
LP001287,Male,37,5170.0,,621.0,Self-Employed,0,180,Semi-Urban,1
LP001288,Male,35,820.0,19800.0,496.0,Unemployed,0,240,Semi-Urban,0
LP001289,Male,36,3570.0,79100.0,768.0,Employed,1,60,Urban,1
LP001290,Male,21,8790.0,314300.0,558.0,Employed,2,120,Semi-Urban,1
LP001291,Male,31,3680.0,86300.0,691.0,Employed,1,360,Semi-Urban,1
LP001292,Male,39,1050.0,26300.0,,Unemployed,1,240,Rural,0
LP001293,Female,39,7740.0,61300.0,670.0,Employed,0,12,Semi-Urban,0
LP001294,Male,26,7910.0,225900.0,767.0,Employed,0,120,Semi-Urban,1
LP001295,Male,51,5270.0,90800.0,659.0,Employed,1,240,Rural,1
LP001296,Male,28,3170.0,100100.0,584.0,Employed,0,360,Urban,0
LP001297,Female,48,4370.0,189200.0,708.0,Employed,0,360,Urban,1
LP001298,Male,42,800.0,19500.0,694.0,Self-Employed,0,120,Semi-Urban,1
LP001299,Male,30,8330.0,157000.0,850.0,Employed,0,360,Urban,1
LP001300,Male,57,4940.0,156400.0,609.0,Employed,1,180,Urban,1
LP001301,Male,24,1450.0,41700.0,661.0,Employed,0,240,Semi-Urban,1
LP001302,Male,48,2440.0,34100.0,625.0,Employed,1,180,Urban,1
LP001303,Male,49,840.0,19900.0,569.0,Unemployed,0,60,Semi-Urban,1
LP001304,Male,30,4310.0,140400.0,631.0,Employed,2,360,Rural,1
LP001305,Female,53,6800.0,201800.0,,Self-Employed,0,60,Urban,1
LP001306,Female,35,4490.0,64200.0,715.0,Employed,1,120,Urban,1
LP001307,Male,41,7930.0,195900.0,663.0,Employed,1,360,Urban,1
LP001308,Male,40,1950.0,49900.0,680.0,Unemployed,0,240,Urban,0
LP001309,Female,36,3880.0,68400.0,596.0,Employed,2,360,Urban,1
LP001310,Male,46,1020.0,20700.0,819.0,Self-Employed,1,180,Urban,1
LP001311,Male,46,4070.0,93100.0,700.0,Employed,0,180,Semi-Urban,1
LP001312,Male,21,3870.0,161800.0,775.0,Self-Employed,0,360,Urban,1
LP001313,Male,52,3210.0,,618.0,Employed,3,36,Semi-Urban,0
LP001314,Female,21,4320.0,100300.0,586.0,Employed,2,360,Rural,1
LP001315,Female,49,2870.0,49700.0,660.0,Self-Employed,0,120,Rural,1
LP001316,Female,50,2050.0,73000.0,475.0,Unemployed,0,360,Semi-Urban,0
LP001317,Male,25,1550.0,30400.0,536.0,Unemployed,2,60,Urban,0
LP001318,Male,33,10160.0,270400.0,692.0,Self-Employed,1,180,Semi-Urban,1
LP001319,Male,25,5730.0,98800.0,648.0,Self-Employed,2,360,Urban,1
LP001320,Male,35,16310.0,326700.0,779.0,Employed,0,180,Urban,1
LP001321,Male,34,10170.0,231600.0,668.0,Employed,1,240,Rural,1
LP001322,Female,46,5140.0,207600.0,537.0,Employed,0,360,Urban,1
LP001323,Female,52,4170.0,131400.0,850.0,Employed,0,240,Urban,1
LP001324,Male,53,11340.0,333100.0,,Employed,1,360,Rural,1
LP001325,Female,31,9450.0,159600.0,682.0,Employed,4,180,Rural,1
LP001326,Female,35,2500.0,38000.0,,Employed,0,60,Urban,1
LP001327,Male,21,13500.0,246300.0,698.0,Self-Employed,1,36,Urban,0
LP001328,Male,29,4990.0,54000.0,620.0,Employed,1,120,Semi-Urban,1
LP001329,Male,48,3380.0,43800.0,468.0,Employed,1,60,Semi-Urban,1
LP001330,Male,55,1830.0,26200.0,623.0,Employed,2,180,Urban,1
LP001331,Male,24,5230.0,143800.0,641.0,Self-Employed,2,60,Semi-Urban,0
LP001332,Female,31,6260.0,43700.0,663.0,Self-Employed,0,36,Rural,1
LP001333,Male,37,13000.0,223400.0,628.0,Employed,5,36,Urban,0
LP001334,Male,41,,398600.0,624.0,Employed,2,360,Rural,1
LP001335,Male,29,3940.0,88900.0,650.0,Employed,2,180,Rural,1
LP001336,Male,42,6730.0,238600.0,692.0,Employed,1,180,Urban,1
LP001337,Female,32,8560.0,286500.0,642.0,Employed,2,360,Semi-Urban,1
LP001338,Female,37,5690.0,66100.0,667.0,Employed,0,36,Urban,1
LP001339,Male,44,3930.0,163700.0,612.0,Employed,0,360,Semi-Urban,1
LP001340,Male,38,4050.0,130400.0,689.0,Employed,2,240,Rural,1
LP001341,Male,33,890.0,9000.0,558.0,Unemployed,0,60,Urban,0
LP001342,Male,36,2000.0,46000.0,552.0,Unemployed,0,240,Semi-Urban,0
LP001343,Male,37,6710.0,201500.0,683.0,Employed,2,360,Rural,1
LP001344,Male,33,1290.0,43800.0,660.0,Employed,2,180,Urban,1
LP001345,Male,35,2670.0,65000.0,627.0,Employed,0,360,Urban,1
LP001346,Male,55,7640.0,176800.0,738.0,Employed,2,60,Urban,1
LP001347,Male,44,1650.0,31300.0,490.0,Unemployed,1,120,Semi-Urban,0
LP001348,Male,34,1680.0,13900.0,602.0,Employed,1,60,Rural,1
LP001349,Male,45,6690.0,110000.0,695.0,Self-Employed,2,120,Rural,1
LP001350,Male,34,5540.0,139300.0,811.0,Employed,0,120,Semi-Urban,1
LP001351,Male,50,1400.0,30000.0,536.0,Unemployed,0,360,Semi-Urban,1
LP001352,Female,42,7270.0,147700.0,710.0,Employed,0,36,Urban,0
LP001353,Female,36,5810.0,152100.0,590.0,Self-Employed,1,180,Urban,1
LP001354,Male,42,2550.0,64500.0,610.0,Employed,1,180,Semi-Urban,1
LP001355,Male,21,9250.0,237800.0,729.0,Employed,2,360,Semi-Urban,1
LP001356,Male,25,11780.0,340500.0,672.0,Employed,2,360,Semi-Urban,1
LP001357,Male,24,2790.0,50200.0,767.0,Employed,1,360,Rural,1
LP001358,Male,39,1300.0,36300.0,626.0,Unemployed,2,360,Semi-Urban,0
LP001359,Female,57,840.0,27800.0,423.0,Unemployed,0,360,Semi-Urban,0
LP001360,Male,62,4070.0,77400.0,590.0,,0,360,Urban,1
LP001361,Male,45,5880.0,146700.0,665.0,Employed,2,240,Rural,1
LP001362,Male,43,14700.0,234100.0,552.0,Self-Employed,0,36,Semi-Urban,0
LP001363,Male,21,1580.0,46800.0,600.0,Employed,0,180,Rural,1
LP001364,Male,32,12960.0,500000.0,787.0,Employed,1,240,Semi-Urban,1
LP001365,Female,29,4340.0,150300.0,639.0,Employed,0,180,Semi-Urban,0
LP001366,Male,31,7200.0,97500.0,698.0,Employed,2,120,Semi-Urban,1
LP001367,Female,36,7630.0,100400.0,677.0,Employed,0,180,Urban,1
LP001368,Female,32,8140.0,294200.0,629.0,Employed,0,360,Semi-Urban,1
LP001369,Male,21,5620.0,101500.0,555.0,Employed,0,36,Rural,0
LP001370,Male,46,7760.0,337200.0,697.0,Self-Employed,1,360,Urban,1
LP001371,Male,26,6370.0,223500.0,789.0,Employed,0,240,Urban,1
LP001372,Male,40,3840.0,96400.0,631.0,Employed,1,360,Semi-Urban,1
LP001373,Male,60,2070.0,42500.0,650.0,Employed,2,360,Urban,1
LP001374,Female,27,2780.0,108600.0,496.0,Employed,3,360,Semi-Urban,0
LP001375,Male,21,5130.0,140400.0,629.0,Employed,0,180,Semi-Urban,1
LP001376,Male,34,3520.0,70700.0,705.0,Employed,1,120,Urban,1
LP001377,Female,50,3530.0,44800.0,735.0,Employed,1,180,Rural,1
LP001378,Male,59,22240.0,338200.0,651.0,Self-Employed,3,360,Semi-Urban,0
LP001379,Female,24,8710.0,253200.0,457.0,Employed,5,360,Rural,0
LP001380,Male,43,5290.0,223200.0,645.0,Self-Employed,0,360,Semi-Urban,1
LP001381,Male,32,7860.0,161100.0,607.0,Employed,1,60,Rural,0
LP001382,Female,36,4310.0,103000.0,656.0,Employed,0,180,Urban,1
LP001383,Male,67,6820.0,179100.0,671.0,,0,120,Urban,1
LP001384,Female,21,6930.0,63200.0,759.0,Employed,0,12,Urban,0
LP001385,Female,40,4320.0,63600.0,,Employed,1,120,Semi-Urban,1
LP001386,Female,43,3910.0,62600.0,786.0,Self-Employed,1,60,Rural,1
LP001387,Male,49,10650.0,227700.0,627.0,Employed,0,360,Semi-Urban,1
LP001388,Male,39,9700.0,118300.0,573.0,Self-Employed,1,120,Rural,0
LP001389,Female,41,1570.0,39400.0,789.0,Employed,0,120,Urban,1
LP001390,Female,33,3950.0,88000.0,712.0,Self-Employed,1,360,Urban,1
LP001391,Female,40,3530.0,50600.0,624.0,Employed,0,180,Rural,1
LP001392,Male,34,3860.0,40000.0,712.0,Employed,0,12,Semi-Urban,0
LP001393,Male,44,8730.0,216800.0,742.0,Employed,0,120,Rural,1
LP001394,Female,33,5490.0,102900.0,688.0,Employed,0,60,Urban,1
LP001395,Male,42,2530.0,49900.0,625.0,Employed,1,60,Rural,1
LP001396,Female,37,4400.0,37100.0,646.0,Employed,0,36,Semi-Urban,1
LP001397,Female,50,7320.0,188600.0,701.0,Employed,1,180,Semi-Urban,1
LP001398,Male,37,4810.0,38600.0,694.0,Employed,0,60,Urban,1
LP001399,Female,21,3810.0,76200.0,770.0,Employed,1,180,Semi-Urban,1
LP001400,Female,51,1770.0,33600.0,524.0,Unemployed,2,360,Rural,0
LP001401,Male,28,11200.0,254500.0,607.0,Employed,0,180,Rural,1
LP001402,Female,30,6100.0,211400.0,850.0,Employed,1,360,Urban,1
LP001403,Male,31,4970.0,173900.0,693.0,Employed,0,180,Urban,1
LP001404,Female,53,21490.0,500000.0,742.0,Employed,1,180,Semi-Urban,1
LP001405,Male,21,800.0,25500.0,619.0,Unemployed,0,360,Urban,1
LP001406,Female,68,5350.0,96400.0,693.0,Employed,1,36,Semi-Urban,1
LP001407,Male,49,800.0,9500.0,562.0,Unemployed,1,60,Urban,1
LP001408,Male,40,5800.0,192100.0,399.0,Employed,3,240,Urban,0
LP001409,Female,37,2660.0,77800.0,600.0,Self-Employed,1,180,Semi-Urban,1
LP001410,Male,41,9170.0,346300.0,704.0,Employed,1,360,Semi-Urban,1
LP001411,Male,43,20590.0,500000.0,476.0,Self-Employed,0,360,Semi-Urban,0
LP001412,Female,45,13610.0,387100.0,615.0,Employed,3,180,Rural,1
LP001413,Female,44,10650.0,226700.0,694.0,Employed,2,180,Urban,1
LP001414,Male,38,4870.0,78400.0,742.0,Employed,0,180,Semi-Urban,1
LP001415,Male,35,4440.0,156800.0,689.0,Employed,2,360,Urban,1
LP001416,Male,36,1410.0,43700.0,651.0,Unemployed,0,360,Semi-Urban,0
LP001417,Male,35,2170.0,67300.0,765.0,Employed,2,360,Urban,1
LP001418,Male,50,10090.0,210700.0,727.0,Employed,2,120,Urban,1
LP001419,Female,44,9940.0,390800.0,694.0,Self-Employed,0,360,Urban,1
LP001420,Female,21,13390.0,196200.0,669.0,Employed,1,120,Urban,1
LP001421,Female,45,800.0,20800.0,588.0,Unemployed,0,120,Rural,0
LP001422,Female,40,2760.0,102800.0,659.0,Self-Employed,0,360,Semi-Urban,1
LP001423,Male,37,4940.0,44200.0,763.0,Employed,0,12,Rural,1
LP001424,Male,33,9870.0,187200.0,722.0,Self-Employed,1,360,Semi-Urban,1
LP001425,Male,50,5250.0,88300.0,651.0,Employed,0,60,Urban,1
LP001426,Male,48,2450.0,114500.0,779.0,Employed,0,360,Urban,1
LP001427,Male,29,5660.0,184800.0,658.0,Employed,1,120,Urban,1
LP001428,Female,42,9670.0,235600.0,609.0,Employed,0,180,Urban,1
LP001429,Male,27,6180.0,69200.0,679.0,Self-Employed,0,120,Semi-Urban,1
LP001430,Male,22,1330.0,33200.0,518.0,Unemployed,0,180,Semi-Urban,0
LP001431,Male,31,8320.0,273800.0,750.0,Employed,0,120,Urban,1
LP001432,Female,47,6100.0,,616.0,Employed,1,240,Urban,1
LP001433,Male,48,920.0,9200.0,571.0,Unemployed,0,12,Urban,0
LP001434,Male,43,4700.0,78700.0,680.0,Employed,4,36,Urban,0
LP001435,Male,45,5530.0,99200.0,626.0,Employed,1,60,Urban,0
LP001436,Female,43,7940.0,107000.0,710.0,Employed,0,180,Rural,1
LP001437,Male,30,1650.0,35200.0,506.0,Unemployed,0,360,Urban,0
LP001438,Female,42,4250.0,85600.0,698.0,Employed,0,360,Semi-Urban,1
LP001439,Female,46,7990.0,162000.0,722.0,Self-Employed,1,120,Urban,0
LP001440,Male,46,4670.0,108800.0,676.0,Self-Employed,0,180,Urban,1
LP001441,Male,51,5720.0,94600.0,682.0,Employed,0,360,Rural,1
LP001442,Female,45,2780.0,46700.0,678.0,Employed,2,120,Semi-Urban,1
LP001443,Male,41,6270.0,145700.0,658.0,Self-Employed,0,180,Urban,1
LP001444,Male,49,4180.0,102900.0,746.0,Employed,0,180,Rural,1
LP001445,Female,37,2880.0,43300.0,747.0,Self-Employed,2,60,Urban,1
LP001446,Female,28,1240.0,17600.0,510.0,Unemployed,1,12,Urban,0
LP001447,Female,36,3760.0,76700.0,812.0,Employed,0,60,Semi-Urban,1
LP001448,Female,29,7230.0,121300.0,657.0,Self-Employed,1,240,Semi-Urban,1
LP001449,Male,30,2460.0,23000.0,829.0,Self-Employed,0,36,Urban,1
LP001450,Male,36,6380.0,74200.0,658.0,Self-Employed,1,60,Urban,1
LP001451,Female,29,15450.0,280900.0,733.0,Employed,1,120,Rural,1
LP001452,Male,34,9530.0,80000.0,697.0,Employed,2,36,Urban,1
LP001453,Male,21,13410.0,287600.0,580.0,Employed,3,60,Urban,0
LP001454,Female,40,8300.0,303400.0,615.0,Self-Employed,3,360,Semi-Urban,0
LP001455,Male,38,10320.0,89500.0,717.0,Employed,3,12,Rural,1
LP001456,Male,29,3800.0,88000.0,655.0,Self-Employed,1,240,Urban,1
LP001457,Male,45,3810.0,67700.0,648.0,Employed,0,180,Semi-Urban,1
LP001458,Male,48,1200.0,22100.0,593.0,Employed,1,240,Semi-Urban,1
LP001459,Male,21,10430.0,242300.0,797.0,Employed,1,180,Semi-Urban,1
LP001460,Male,29,18550.0,439400.0,608.0,Self-Employed,2,120,Semi-Urban,1
LP001461,Male,29,4010.0,120400.0,769.0,Employed,0,360,Rural,1
LP001462,Male,27,4720.0,170800.0,564.0,Employed,3,180,Urban,1
LP001463,Female,47,3590.0,56100.0,732.0,Employed,2,360,Urban,1
LP001464,Male,35,8250.0,281700.0,670.0,Self-Employed,4,180,Rural,1
LP001465,Female,35,10080.0,311200.0,627.0,Employed,2,360,Semi-Urban,1
LP001466,Male,21,2080.0,66300.0,,Employed,0,360,Semi-Urban,1
LP001467,Male,44,1920.0,55100.0,531.0,Unemployed,0,360,Semi-Urban,0
LP001468,Female,24,2300.0,86300.0,630.0,Self-Employed,0,180,Semi-Urban,1
LP001469,Male,38,800.0,19700.0,659.0,Unemployed,0,180,Semi-Urban,0
LP001470,Female,41,7930.0,147700.0,692.0,Employed,1,360,Rural,1
LP001471,Male,52,4830.0,170500.0,561.0,Employed,2,360,Semi-Urban,1
LP001472,Female,23,12450.0,333300.0,626.0,Self-Employed,2,360,Urban,1
LP001473,Male,21,6840.0,150800.0,670.0,Employed,1,120,Semi-Urban,1
LP001474,Female,40,7360.0,223600.0,519.0,Self-Employed,0,360,Semi-Urban,0
LP001475,Male,57,2700.0,62300.0,665.0,Employed,0,120,Semi-Urban,1
LP001476,Female,51,4410.0,126000.0,734.0,Employed,0,180,Semi-Urban,1
LP001477,Male,40,8900.0,84600.0,669.0,Employed,0,60,Urban,1
LP001478,Male,32,5550.0,59900.0,699.0,Employed,1,120,Semi-Urban,1
LP001479,Female,46,7810.0,172500.0,716.0,Employed,0,360,Semi-Urban,1
LP001480,Male,27,14350.0,415600.0,654.0,Employed,0,60,Rural,0
LP001481,Male,43,2040.0,46300.0,634.0,Unemployed,0,240,Semi-Urban,1
LP001482,Female,43,5720.0,156400.0,789.0,Employed,1,180,Urban,1
LP001483,Male,49,3030.0,46100.0,565.0,Self-Employed,1,60,Semi-Urban,1
LP001484,Male,68,5370.0,154400.0,654.0,Self-Employed,1,120,Rural,1
LP001485,Male,42,9260.0,255100.0,850.0,Employed,0,180,Semi-Urban,1
LP001486,Female,32,3540.0,84600.0,622.0,Employed,3,60,Semi-Urban,0
LP001487,Male,37,6170.0,236600.0,677.0,Self-Employed,0,360,Semi-Urban,1
LP001488,Male,21,3250.0,70200.0,660.0,Employed,1,360,Urban,1
LP001489,Female,30,2760.0,45900.0,775.0,Self-Employed,1,120,Rural,1
LP001490,Female,33,5950.0,105000.0,609.0,Self-Employed,1,60,Urban,1
LP001491,Male,32,1280.0,48400.0,579.0,Unemployed,3,180,Semi-Urban,0
LP001492,Male,39,5980.0,,659.0,Employed,0,240,Urban,1
LP001493,Male,28,3240.0,73100.0,623.0,Employed,1,120,Urban,1
LP001494,Male,50,7060.0,81800.0,662.0,Employed,0,12,Semi-Urban,0
LP001495,Male,38,13960.0,408500.0,676.0,Employed,1,180,Semi-Urban,1
LP001496,Male,37,5890.0,197700.0,642.0,Self-Employed,0,360,Semi-Urban,1
LP001497,Male,34,6500.0,96900.0,763.0,Employed,0,180,Semi-Urban,1
LP001498,Male,39,9170.0,177900.0,624.0,Employed,1,180,Semi-Urban,1
LP001499,Female,47,3580.0,142800.0,690.0,Self-Employed,1,360,Semi-Urban,1
LP001500,Female,28,6650.0,169500.0,720.0,Employed,0,240,Semi-Urban,1
LP001501,Female,30,3610.0,45400.0,689.0,Employed,1,240,Semi-Urban,1
LP001502,Male,34,8740.0,244000.0,737.0,Employed,1,180,Semi-Urban,1
LP001503,Male,23,7020.0,247600.0,647.0,Self-Employed,0,360,Semi-Urban,1
LP001504,Female,28,6400.0,214400.0,726.0,Employed,1,240,Rural,1
LP001505,Female,32,3650.0,136000.0,728.0,Self-Employed,1,360,Urban,1
LP001506,Male,47,8010.0,224400.0,752.0,Employed,1,240,Rural,1
LP001507,Female,40,27150.0,500000.0,538.0,Self-Employed,0,240,Urban,0
LP001508,Female,40,3120.0,62300.0,718.0,Self-Employed,0,120,Urban,1
LP001509,Female,47,4510.0,85900.0,747.0,Employed,1,120,Urban,1
LP001510,Female,36,6170.0,102400.0,579.0,Employed,3,360,Semi-Urban,1
LP001511,Male,42,8370.0,127600.0,638.0,Employed,1,120,Urban,1
LP001512,Male,36,4270.0,68100.0,627.0,Self-Employed,0,180,Rural,1
LP001513,Female,40,1140.0,35300.0,602.0,Employed,1,120,Rural,1
LP001514,Female,31,11470.0,420700.0,694.0,Employed,2,360,Semi-Urban,1
LP001515,Male,21,8250.0,193200.0,850.0,Employed,0,60,Semi-Urban,1
LP001516,Male,36,2080.0,64300.0,568.0,Employed,4,360,Rural,0
LP001517,Male,53,3890.0,125700.0,575.0,Employed,3,240,Rural,0
LP001518,Female,48,12870.0,145000.0,681.0,Employed,0,60,Semi-Urban,1
LP001519,Female,48,12040.0,311000.0,489.0,Employed,3,180,Semi-Urban,0
LP001520,Male,51,12170.0,146700.0,627.0,Self-Employed,0,120,Semi-Urban,1
LP001521,Male,38,5580.0,133200.0,640.0,Self-Employed,2,120,Semi-Urban,0
LP001522,Male,40,5690.0,73500.0,612.0,Employed,0,180,Urban,1
LP001523,Female,31,1960.0,39600.0,669.0,Unemployed,0,36,Semi-Urban,0
LP001524,Female,34,1940.0,50700.0,582.0,Self-Employed,1,360,Urban,0
LP001525,Female,44,910.0,13100.0,612.0,Unemployed,2,36,Urban,0
LP001526,Male,51,4620.0,204600.0,790.0,Employed,0,240,Semi-Urban,1
LP001527,Male,36,9470.0,164200.0,708.0,Employed,1,180,Rural,1
LP001528,Male,33,5300.0,91500.0,669.0,Employed,0,240,Rural,1
LP001529,Male,38,16560.0,198000.0,698.0,Self-Employed,0,180,Semi-Urban,1
LP001530,Female,44,3750.0,158000.0,646.0,Employed,0,240,Semi-Urban,1
LP001531,Female,22,5270.0,140100.0,527.0,Employed,1,240,Urban,1
LP001532,Female,21,3270.0,38300.0,606.0,Employed,0,240,Semi-Urban,1
LP001533,Female,31,5450.0,54300.0,679.0,Employed,0,60,Urban,1
LP001534,Male,24,2410.0,46300.0,609.0,Employed,0,240,Urban,1
LP001535,Female,32,4150.0,87800.0,649.0,Employed,0,120,Semi-Urban,1
LP001536,Female,36,2470.0,18000.0,715.0,Employed,1,12,Urban,0
LP001537,Female,33,7960.0,283200.0,620.0,Employed,3,180,Urban,1
LP001538,Male,53,890.0,18400.0,659.0,Unemployed,0,180,Rural,1
LP001539,Male,41,10420.0,239400.0,632.0,Self-Employed,3,180,Urban,1
LP001540,Male,41,2070.0,69000.0,606.0,Unemployed,1,240,Urban,1
LP001541,Female,44,1880.0,37900.0,626.0,Self-Employed,1,120,Urban,1
LP001542,Male,25,11310.0,161400.0,580.0,Employed,1,120,Urban,1
LP001543,Male,49,21450.0,327200.0,614.0,Employed,2,36,Urban,1
LP001544,Female,37,6520.0,156400.0,625.0,Self-Employed,0,240,Semi-Urban,1
LP001545,Male,45,3820.0,112200.0,667.0,Employed,1,180,Urban,1
LP001546,Male,26,25680.0,367900.0,600.0,Employed,1,120,Rural,1
LP001547,Male,21,2630.0,73800.0,743.0,Employed,1,240,Urban,1
LP001548,Female,46,5490.0,139100.0,590.0,Employed,2,180,Semi-Urban,1
LP001549,Male,42,6000.0,128700.0,652.0,Employed,0,180,Semi-Urban,1
LP001550,Female,28,11380.0,203100.0,678.0,Employed,1,180,Semi-Urban,0
LP001551,Male,28,6620.0,211200.0,764.0,Employed,1,240,Semi-Urban,1
LP001552,Female,50,4450.0,119400.0,811.0,Self-Employed,0,240,Rural,1
LP001553,Male,24,3220.0,45000.0,817.0,Employed,0,120,Urban,1
LP001554,Male,56,4500.0,36900.0,583.0,Employed,1,60,Semi-Urban,1
LP001555,Female,28,3120.0,62100.0,617.0,Employed,2,60,Rural,1
LP001556,Male,45,6530.0,114400.0,637.0,Self-Employed,1,240,Urban,1
LP001557,Male,34,3980.0,175700.0,672.0,Employed,2,360,Urban,1
LP001558,Male,44,2390.0,60500.0,703.0,Employed,0,180,Urban,1
LP001559,Female,32,10830.0,151900.0,636.0,Employed,0,60,Semi-Urban,1
LP001560,Male,36,4130.0,198800.0,630.0,Employed,0,360,Urban,0
LP001561,Female,38,1280.0,47500.0,505.0,Unemployed,0,360,Urban,0
LP001562,Male,26,800.0,15700.0,380.0,Unemployed,0,360,Semi-Urban,0
LP001563,Male,46,5640.0,126100.0,582.0,Employed,0,240,Semi-Urban,1
LP001564,Male,32,2080.0,55300.0,745.0,Employed,1,360,Urban,1
LP001565,Male,35,7960.0,114200.0,789.0,Self-Employed,1,12,Urban,1
LP001566,Male,27,3050.0,54800.0,781.0,Employed,0,60,Semi-Urban,1
LP001567,Male,21,13920.0,146300.0,748.0,Employed,0,60,Rural,1
LP001568,Male,35,7250.0,197700.0,604.0,Employed,0,240,Semi-Urban,1
LP001569,Female,64,2090.0,15400.0,491.0,Unemployed,1,36,Rural,0
LP001570,Male,46,4030.0,123000.0,544.0,Employed,0,180,Urban,1
LP001571,Male,37,4420.0,146300.0,636.0,Employed,0,180,Urban,1
LP001572,Female,35,9800.0,241400.0,616.0,Self-Employed,3,120,Semi-Urban,1
LP001573,Male,38,4570.0,138000.0,569.0,Employed,2,360,Rural,1
LP001574,Male,44,4970.0,130900.0,712.0,Employed,0,60,Semi-Urban,1
LP001575,Female,25,1250.0,36500.0,628.0,Unemployed,0,180,Rural,0
LP001576,Female,50,5360.0,180500.0,644.0,Employed,0,360,Rural,1
LP001577,Male,45,,56300.0,544.0,Employed,2,36,Urban,0
LP001578,Female,45,3900.0,77400.0,783.0,Employed,1,240,Urban,1
LP001579,Male,42,4500.0,126700.0,682.0,Employed,0,360,Urban,1
LP001580,Male,38,1720.0,52000.0,825.0,Employed,1,360,Urban,1
LP001581,Male,45,9280.0,294800.0,686.0,,0,360,Urban,1
LP001582,Female,44,6400.0,186700.0,692.0,Employed,0,120,Rural,1
LP001583,Male,34,3670.0,71600.0,607.0,Self-Employed,0,180,Urban,1
LP001584,Male,31,15430.0,275300.0,648.0,Employed,1,36,Urban,0
LP001585,Male,39,5700.0,136700.0,563.0,Employed,0,120,Urban,1
LP001586,Male,55,3070.0,37800.0,579.0,Employed,0,60,Rural,0
LP001587,Male,24,11500.0,197100.0,735.0,Self-Employed,0,120,Semi-Urban,1
LP001588,Male,21,6760.0,237500.0,658.0,Employed,0,360,Rural,1
LP001589,Male,39,6750.0,206300.0,613.0,Employed,2,120,Rural,1
LP001590,Male,38,4300.0,125800.0,624.0,Employed,0,180,Semi-Urban,1
LP001591,Male,39,6960.0,153700.0,651.0,Employed,0,180,Urban,1
LP001592,Male,40,4700.0,149400.0,764.0,Employed,1,180,Urban,1
LP001593,Male,35,9310.0,210600.0,655.0,Self-Employed,2,360,Urban,1
LP001594,Male,54,1910.0,30900.0,556.0,Employed,2,120,Semi-Urban,0
LP001595,Female,21,4280.0,109200.0,757.0,Employed,1,240,Urban,1
LP001596,Male,28,14010.0,338100.0,809.0,Employed,0,180,Urban,1
LP001597,Female,36,3690.0,68400.0,717.0,Self-Employed,1,36,Semi-Urban,1
LP001598,Male,21,3900.0,136900.0,746.0,Employed,1,180,Semi-Urban,1
LP001599,Male,36,4250.0,80700.0,771.0,Employed,0,360,Semi-Urban,1
LP001600,Male,56,2780.0,52700.0,485.0,Employed,3,60,Urban,0
LP001601,Male,38,1610.0,13100.0,819.0,Employed,0,36,Rural,1
LP001602,Male,40,4780.0,44600.0,692.0,Employed,4,60,Semi-Urban,1
LP001603,Male,24,5850.0,239700.0,681.0,Employed,2,360,Urban,1
LP001604,Male,31,5280.0,183000.0,670.0,Employed,1,240,Rural,1
LP001605,Male,33,5020.0,174800.0,509.0,Employed,3,180,Rural,0
LP001606,Male,34,5560.0,185800.0,655.0,Employed,1,180,Urban,1
LP001607,Male,52,9530.0,432700.0,713.0,Employed,0,360,Urban,1
LP001608,Male,44,4890.0,88000.0,597.0,Employed,0,360,Semi-Urban,1
LP001609,Male,25,4220.0,167800.0,674.0,Self-Employed,0,360,Urban,1
LP001610,Female,40,1790.0,46900.0,491.0,Unemployed,0,360,Rural,0
LP001611,Male,43,1530.0,19100.0,551.0,Unemployed,1,240,Urban,1
LP001612,Female,50,5180.0,70200.0,578.0,Self-Employed,0,180,Rural,1
LP001613,Male,55,3840.0,128500.0,570.0,Employed,0,360,Semi-Urban,1
LP001614,Male,26,6760.0,177100.0,705.0,Self-Employed,1,360,Semi-Urban,1
LP001615,Female,29,6540.0,43100.0,601.0,Employed,2,12,Urban,1
LP001616,Female,24,3150.0,27800.0,643.0,Employed,0,36,Urban,1
LP001617,Male,35,5490.0,72500.0,632.0,Employed,0,360,Urban,1
LP001618,Male,43,2430.0,,850.0,,0,120,Urban,1
LP001619,Female,48,1830.0,29400.0,725.0,Self-Employed,1,360,Urban,1
LP001620,Female,37,6650.0,226600.0,733.0,Employed,0,180,Rural,1
LP001621,Male,34,4400.0,49300.0,621.0,Employed,1,60,Urban,1
LP001622,Male,39,800.0,12900.0,617.0,Unemployed,0,60,Semi-Urban,1
LP001623,Male,28,6070.0,160700.0,662.0,Employed,0,60,Semi-Urban,1
LP001624,Male,60,2740.0,86500.0,551.0,Employed,3,120,Rural,0
LP001625,Male,21,2160.0,66300.0,724.0,Unemployed,0,180,Rural,0
LP001626,Male,40,5350.0,180800.0,722.0,Employed,0,240,Urban,1
LP001627,Male,60,5300.0,165500.0,719.0,Employed,0,360,Rural,1
LP001628,Female,38,2760.0,66000.0,607.0,Employed,1,180,Semi-Urban,1
LP001629,Male,35,11670.0,156100.0,584.0,Employed,1,180,Rural,1
LP001630,Male,34,2440.0,89700.0,675.0,Self-Employed,0,180,Semi-Urban,1
LP001631,Female,36,4880.0,182900.0,636.0,Employed,0,180,Semi-Urban,1
LP001632,Female,53,3060.0,44300.0,725.0,Employed,0,180,Urban,1
LP001633,Male,21,7430.0,59800.0,730.0,Employed,1,12,Urban,1
LP001634,Male,54,4530.0,35000.0,649.0,Employed,2,12,Semi-Urban,0
LP001635,Male,22,800.0,12000.0,642.0,Unemployed,1,60,Rural,1
LP001636,Male,35,9240.0,198700.0,694.0,Employed,1,60,Semi-Urban,1
LP001637,Male,33,3740.0,68000.0,614.0,Employed,0,240,Urban,1
LP001638,Male,44,1910.0,49400.0,665.0,Employed,0,120,Rural,1
LP001639,Male,21,7560.0,245600.0,690.0,Self-Employed,0,360,Semi-Urban,1
LP001640,Male,43,1120.0,44000.0,649.0,Unemployed,0,360,Urban,1
LP001641,Male,60,5760.0,156000.0,696.0,Employed,0,360,Urban,1
LP001642,Male,23,4560.0,109800.0,637.0,Employed,1,360,Urban,1
LP001643,Male,40,7670.0,121400.0,752.0,Employed,1,120,Rural,1
LP001644,Male,30,5970.0,201100.0,638.0,Self-Employed,3,180,Rural,0
LP001645,Male,42,6080.0,113700.0,795.0,Employed,0,60,Urban,1
LP001646,Female,38,2030.0,64900.0,686.0,Self-Employed,1,360,Urban,1
LP001647,Male,30,15350.0,424000.0,567.0,Employed,2,360,Rural,1
LP001648,Female,43,5630.0,125200.0,768.0,Self-Employed,1,360,Rural,1
LP001649,Female,57,7970.0,153800.0,636.0,Employed,0,180,Semi-Urban,1
LP001650,Male,35,3430.0,142000.0,702.0,Employed,0,360,Semi-Urban,1
LP001651,Male,45,6430.0,104200.0,693.0,Employed,0,60,Urban,1
LP001652,Male,23,2650.0,39000.0,683.0,Employed,0,36,Semi-Urban,1
LP001653,Male,27,870.0,31200.0,567.0,Unemployed,1,360,Urban,0
LP001654,Female,43,1370.0,21000.0,556.0,Self-Employed,0,180,Rural,0
LP001655,Male,54,7640.0,203700.0,604.0,Self-Employed,0,360,Urban,1
LP001656,Male,41,8660.0,201500.0,764.0,Employed,1,60,Rural,1
LP001657,Male,34,2690.0,51600.0,677.0,Employed,2,360,Urban,1
LP001658,Male,37,10150.0,154300.0,823.0,Self-Employed,1,180,Rural,1
LP001659,Male,24,5590.0,221000.0,602.0,Employed,1,360,Urban,1
LP001660,Male,44,13080.0,218100.0,677.0,Employed,0,360,Semi-Urban,1
LP001661,Male,47,3390.0,95000.0,767.0,Employed,0,360,Semi-Urban,1
LP001662,Female,33,25560.0,500000.0,637.0,Employed,0,120,Urban,1
LP001663,Male,32,1460.0,59200.0,643.0,Employed,1,360,Rural,1
LP001664,Male,40,4530.0,56100.0,587.0,Employed,3,60,Semi-Urban,1
LP001665,Male,33,2130.0,42700.0,646.0,Employed,0,60,Semi-Urban,1
LP001666,Male,37,1300.0,37500.0,619.0,Unemployed,1,180,Rural,0
LP001667,Male,61,6400.0,118000.0,546.0,Employed,0,360,Rural,1
LP001668,Male,35,5860.0,186200.0,803.0,Employed,1,180,Semi-Urban,1
LP001669,Male,34,4640.0,95100.0,608.0,Employed,0,360,Rural,1
LP001670,Male,30,5860.0,71600.0,521.0,Self-Employed,0,240,Urban,1
LP001671,Male,46,29850.0,500000.0,644.0,Employed,2,120,Urban,1
LP001672,Female,36,4710.0,119800.0,651.0,Employed,1,360,Semi-Urban,1
LP001673,Male,30,7190.0,115500.0,666.0,Employed,1,36,Urban,0
LP001674,Male,52,3800.0,56700.0,703.0,Employed,0,360,Semi-Urban,1
LP001675,Male,53,6390.0,113900.0,728.0,Employed,0,120,Urban,1
LP001676,Female,31,5340.0,90500.0,806.0,Self-Employed,0,180,Semi-Urban,1
LP001677,Male,21,4730.0,132200.0,593.0,Self-Employed,2,180,Rural,0
LP001678,Male,49,14770.0,251700.0,668.0,Employed,4,60,Semi-Urban,0
LP001679,Female,30,10380.0,152700.0,733.0,Employed,0,180,Rural,1
LP001680,Female,46,1320.0,38900.0,381.0,Unemployed,0,60,Rural,0
LP001681,Female,21,5860.0,102500.0,582.0,Employed,2,120,Urban,0
LP001682,Male,47,5780.0,80000.0,583.0,Self-Employed,0,60,Urban,1
LP001683,Male,24,1500.0,51600.0,713.0,Employed,1,180,Urban,0
LP001684,Female,46,1480.0,59200.0,605.0,Unemployed,0,360,Rural,0
LP001685,Female,38,13660.0,420500.0,706.0,Self-Employed,1,180,Urban,1
LP001686,Male,27,800.0,27700.0,557.0,Unemployed,1,360,Urban,0
LP001687,Male,33,17320.0,361600.0,629.0,Self-Employed,2,240,Rural,1
LP001688,Male,45,3230.0,74000.0,642.0,Employed,2,240,Semi-Urban,1
LP001689,Female,39,800.0,28600.0,549.0,Unemployed,0,240,Urban,0
LP001690,Male,44,6270.0,182300.0,738.0,Employed,1,180,Urban,1
LP001691,Male,59,1420.0,37400.0,564.0,Employed,2,240,Rural,0
LP001692,Male,21,,173100.0,621.0,Self-Employed,0,36,Rural,0
LP001693,Male,55,3570.0,132900.0,689.0,Self-Employed,0,360,Urban,1
LP001694,Male,39,1230.0,36100.0,552.0,Unemployed,0,360,Semi-Urban,0
LP001695,Male,28,5980.0,153400.0,596.0,Employed,1,120,Rural,1
LP001696,Male,23,22790.0,313800.0,719.0,Self-Employed,0,360,Semi-Urban,1
LP001697,Male,35,9590.0,90900.0,637.0,Self-Employed,1,12,Rural,0
LP001698,Male,48,3800.0,95400.0,616.0,Employed,0,120,Semi-Urban,1
LP001699,Male,36,4660.0,66900.0,631.0,Employed,2,36,Rural,1
LP001700,Male,54,15120.0,250300.0,613.0,Employed,0,360,Urban,1
LP001701,Male,22,3230.0,77800.0,677.0,Employed,0,360,Urban,1
LP001702,Male,37,800.0,29000.0,553.0,Unemployed,1,360,Semi-Urban,0
LP001703,Male,24,5930.0,44800.0,641.0,Employed,1,12,Semi-Urban,0
LP001704,Male,41,16370.0,500000.0,642.0,Self-Employed,0,180,Rural,1
LP001705,Male,47,970.0,27300.0,654.0,Unemployed,0,240,Urban,0
LP001706,Female,33,6450.0,144400.0,707.0,Employed,0,60,Rural,1
LP001707,Male,21,10060.0,267200.0,551.0,Self-Employed,1,240,Urban,0
LP001708,Female,40,7860.0,188400.0,711.0,Employed,2,60,Semi-Urban,1
LP001709,Male,42,21800.0,496300.0,718.0,Self-Employed,1,60,Urban,1
LP001710,Female,42,2110.0,28400.0,714.0,Employed,1,180,Semi-Urban,1
LP001711,Female,51,870.0,30200.0,646.0,Unemployed,1,240,Semi-Urban,1
LP001712,Male,26,2800.0,30900.0,681.0,Employed,0,60,Urban,1
LP001713,Male,45,6610.0,125500.0,656.0,Employed,4,60,Urban,1
LP001714,Male,51,2730.0,45000.0,610.0,Self-Employed,2,120,Semi-Urban,0
LP001715,Male,21,2390.0,29500.0,743.0,Employed,0,120,Rural,1
LP001716,Female,41,1690.0,33000.0,696.0,Employed,0,120,Urban,1
LP001717,Female,32,8080.0,262000.0,576.0,Employed,0,180,Urban,1
LP001718,Female,37,4310.0,92100.0,757.0,Self-Employed,0,240,Urban,1
LP001719,Male,41,27170.0,500000.0,670.0,Employed,1,180,Rural,1
LP001720,Female,32,3140.0,121000.0,659.0,Employed,1,360,Urban,0
LP001721,Female,30,3270.0,93500.0,611.0,Employed,2,240,Urban,1
LP001722,Male,38,3980.0,52000.0,652.0,Employed,1,60,Rural,1
LP001723,Male,26,6210.0,98200.0,697.0,Employed,1,36,Semi-Urban,1
LP001724,Female,26,4190.0,109900.0,605.0,Employed,1,360,Urban,1
LP001725,Male,45,7610.0,111700.0,562.0,Employed,0,36,Rural,1
LP001726,Female,25,3170.0,59000.0,600.0,Employed,0,60,Semi-Urban,1
LP001727,Male,45,2540.0,37600.0,708.0,Employed,1,12,Semi-Urban,0
LP001728,Female,43,1790.0,30400.0,667.0,Self-Employed,0,240,Urban,1
LP001729,Male,21,1600.0,19900.0,763.0,Employed,0,180,Rural,1
LP001730,Male,30,4080.0,64200.0,640.0,Employed,2,360,Urban,1
LP001731,Male,51,5110.0,86700.0,743.0,Self-Employed,1,360,Urban,1
LP001732,Female,27,3840.0,139800.0,628.0,Employed,0,180,Urban,1
LP001733,Female,32,15070.0,184800.0,647.0,Self-Employed,1,180,Semi-Urban,1
LP001734,Male,43,10670.0,300800.0,645.0,Employed,2,120,Semi-Urban,1
LP001735,Male,46,4520.0,46700.0,668.0,Employed,0,60,Semi-Urban,1
LP001736,Female,35,2030.0,37100.0,661.0,Employed,0,60,Urban,1
LP001737,Male,31,4240.0,114100.0,544.0,Self-Employed,3,60,Semi-Urban,0
LP001738,Female,53,4150.0,88700.0,561.0,Self-Employed,0,60,Semi-Urban,1
LP001739,Male,57,3780.0,86700.0,727.0,Employed,0,120,Urban,1
LP001740,Male,48,3700.0,65300.0,718.0,Employed,1,120,Rural,1
LP001741,Male,38,980.0,18000.0,498.0,Unemployed,2,360,Urban,0
LP001742,Male,29,6530.0,147400.0,708.0,Employed,0,180,Semi-Urban,1
LP001743,Female,28,3320.0,132900.0,667.0,Employed,0,360,Urban,1
LP001744,Male,43,800.0,18000.0,662.0,Unemployed,0,180,Semi-Urban,0
LP001745,Male,42,8120.0,273700.0,511.0,Self-Employed,5,180,Rural,0
LP001746,Female,53,3290.0,97500.0,670.0,Employed,0,120,Rural,1
LP001747,Male,45,15360.0,200000.0,664.0,Self-Employed,1,60,Urban,1
LP001748,Male,21,3180.0,65200.0,622.0,Self-Employed,3,60,Semi-Urban,0
LP001749,Female,49,2230.0,90100.0,795.0,Employed,0,360,Urban,1
LP001750,Male,27,6700.0,178600.0,600.0,Employed,4,360,Rural,1
LP001751,Male,33,3460.0,78500.0,665.0,Employed,3,36,Semi-Urban,1
LP001752,Female,40,1410.0,16400.0,533.0,Unemployed,2,60,Urban,0
LP001753,Male,59,7900.0,114700.0,760.0,Self-Employed,0,180,Urban,1
LP001754,Male,68,,52300.0,736.0,Employed,1,60,Rural,1
LP001755,Male,44,4610.0,77000.0,620.0,Self-Employed,2,180,Semi-Urban,1
LP001756,Female,35,9320.0,214300.0,579.0,Employed,4,60,Urban,1
LP001757,Male,43,6320.0,227700.0,716.0,Employed,0,180,Urban,1
LP001758,Male,47,2530.0,76400.0,595.0,Employed,2,120,Urban,0
LP001759,Female,34,4170.0,107300.0,694.0,Employed,0,180,Semi-Urban,1
LP001760,Female,57,5710.0,142600.0,653.0,Self-Employed,0,60,Rural,0
LP001761,Male,40,2150.0,37900.0,707.0,Employed,0,180,Rural,1
LP001762,Male,43,10400.0,243400.0,632.0,Self-Employed,2,360,Semi-Urban,1
LP001763,Male,45,4790.0,69100.0,628.0,Employed,1,120,Rural,1
LP001764,Female,42,2530.0,65200.0,762.0,Employed,1,360,Semi-Urban,1
LP001765,Male,47,1150.0,42800.0,527.0,Unemployed,5,360,Urban,0
LP001766,Male,31,2450.0,65300.0,675.0,Employed,0,360,Rural,1
LP001767,Female,31,6960.0,160800.0,711.0,Employed,1,360,Urban,1
LP001768,Female,25,9450.0,349200.0,554.0,Employed,0,240,Urban,0
LP001769,Male,42,2100.0,46300.0,836.0,Self-Employed,0,360,Rural,1
LP001770,Female,46,9850.0,127900.0,681.0,Employed,1,36,Urban,1
LP001771,Male,43,5540.0,192600.0,462.0,Employed,3,180,Semi-Urban,0
LP001772,Female,56,9900.0,383400.0,769.0,Employed,1,360,Rural,1
LP001773,Male,37,5230.0,198800.0,588.0,Employed,2,360,Semi-Urban,1
LP001774,Male,45,1080.0,47000.0,758.0,Self-Employed,0,360,Urban,1
LP001775,Female,25,5000.0,186900.0,689.0,Employed,0,360,Urban,1
LP001776,Male,33,9730.0,358900.0,562.0,Employed,1,360,Urban,1
LP001777,Male,45,3320.0,59700.0,699.0,Employed,0,240,Semi-Urban,1
LP001778,Female,47,4390.0,83400.0,694.0,,0,360,Rural,1
LP001779,Female,34,1250.0,33700.0,666.0,Unemployed,1,180,Semi-Urban,0
LP001780,Male,37,,47600.0,719.0,Employed,0,360,Semi-Urban,1
LP001781,Female,21,1650.0,45300.0,487.0,Unemployed,0,360,Semi-Urban,0
LP001782,Male,34,5150.0,178800.0,755.0,Employed,1,360,Semi-Urban,1
LP001783,Male,47,7170.0,149600.0,648.0,Employed,1,240,Rural,1
LP001784,Male,44,5940.0,144800.0,739.0,Self-Employed,3,120,Urban,1
LP001785,Male,43,10850.0,256500.0,653.0,Employed,1,36,Rural,0
LP001786,Female,38,8390.0,378400.0,664.0,Self-Employed,0,360,Semi-Urban,1
LP001787,Male,38,800.0,31100.0,448.0,Unemployed,3,180,Urban,0
LP001788,Male,30,2190.0,34300.0,607.0,Employed,2,120,Urban,1
LP001789,Male,45,3070.0,30900.0,622.0,Employed,0,60,Urban,1
LP001790,Female,42,13520.0,217800.0,768.0,Self-Employed,0,360,Semi-Urban,1
LP001791,Male,43,6090.0,207700.0,580.0,Employed,1,360,Urban,1
LP001792,Male,32,4360.0,113800.0,740.0,Employed,1,360,Rural,1
LP001793,Male,21,7100.0,286900.0,707.0,Employed,2,240,Semi-Urban,1
LP001794,Male,50,7170.0,189000.0,783.0,Employed,1,180,Rural,1
LP001795,Male,32,25430.0,380700.0,683.0,Self-Employed,1,120,Urban,1
LP001796,Female,28,5940.0,42900.0,532.0,Employed,4,12,Urban,1
LP001797,Female,45,3030.0,103900.0,667.0,Employed,1,360,Urban,1
LP001798,Male,33,5100.0,53100.0,724.0,Employed,0,60,Urban,1
LP001799,Female,49,7590.0,221900.0,651.0,Employed,2,240,Rural,1
LP001800,Female,44,9390.0,181700.0,707.0,Employed,0,180,Urban,1
LP001801,Female,45,2040.0,36600.0,747.0,Self-Employed,2,180,Semi-Urban,1
LP001802,Male,22,6250.0,156700.0,,Employed,3,360,Urban,0
LP001803,Male,51,3370.0,64400.0,694.0,Self-Employed,1,36,Semi-Urban,1
LP001804,Male,40,4240.0,144700.0,541.0,Self-Employed,1,360,Rural,0
LP001805,Male,33,8650.0,93100.0,621.0,Employed,1,36,Semi-Urban,1
LP001806,Female,39,8190.0,122200.0,649.0,Employed,0,36,Semi-Urban,1
LP001807,Female,21,3740.0,,531.0,Employed,0,180,Urban,1
LP001808,Female,42,4980.0,105300.0,,Employed,1,36,Rural,0
LP001809,Male,26,4340.0,85800.0,624.0,Self-Employed,2,360,Semi-Urban,1
LP001810,Male,23,35000.0,500000.0,672.0,Self-Employed,1,180,Semi-Urban,1
LP001811,Female,21,6330.0,49800.0,717.0,Employed,0,12,Semi-Urban,1
LP001812,Female,50,3420.0,70200.0,664.0,Employed,1,36,Rural,0
LP001813,Male,31,1540.0,27500.0,563.0,Unemployed,2,240,Semi-Urban,0
LP001814,Female,54,1500.0,52600.0,548.0,Unemployed,1,360,Semi-Urban,1
LP001815,Female,32,11240.0,343600.0,683.0,Employed,1,180,Semi-Urban,1
LP001816,Male,21,17130.0,266400.0,678.0,Employed,2,180,Urban,1
LP001817,Male,25,8020.0,302800.0,790.0,Employed,1,360,Semi-Urban,1
LP001818,Male,51,940.0,14900.0,541.0,Unemployed,0,240,Semi-Urban,0
LP001819,Male,36,5430.0,136800.0,655.0,Employed,2,120,Semi-Urban,1
LP001820,Male,31,2320.0,82700.0,745.0,Employed,0,240,Semi-Urban,1
LP001821,Female,39,7120.0,187500.0,502.0,Employed,5,240,Urban,0
LP001822,Male,43,8590.0,221500.0,829.0,Employed,0,240,Rural,1
LP001823,Male,50,3900.0,120000.0,768.0,Employed,0,240,Rural,1
LP001824,Male,53,1190.0,33000.0,416.0,Unemployed,2,360,Rural,0
LP001825,Male,34,10310.0,127700.0,707.0,Employed,0,60,Urban,1
LP001826,Female,23,2750.0,70600.0,637.0,Employed,1,360,Semi-Urban,1
LP001827,Male,33,4300.0,145200.0,615.0,Employed,2,180,Rural,0
LP001828,Male,40,5850.0,190300.0,671.0,Employed,2,240,Semi-Urban,1
LP001829,Female,27,3800.0,68100.0,688.0,Employed,5,60,Semi-Urban,1
LP001830,Male,27,8000.0,161700.0,645.0,Employed,0,180,Rural,1
LP001831,Male,41,4060.0,121300.0,646.0,Employed,1,360,Semi-Urban,1
LP001832,Male,37,6260.0,263100.0,707.0,Employed,0,240,Semi-Urban,1
LP001833,Male,38,5790.0,115500.0,722.0,Employed,0,36,Urban,1
LP001834,Male,29,14100.0,325100.0,569.0,Employed,2,180,Urban,1
LP001835,Male,35,1290.0,22500.0,709.0,Unemployed,0,60,Urban,1
LP001836,Male,27,1570.0,28500.0,531.0,Unemployed,1,360,Rural,0
LP001837,Female,47,3180.0,89600.0,752.0,Employed,1,360,Semi-Urban,1
LP001838,Male,49,2600.0,25000.0,713.0,Employed,1,12,Semi-Urban,1
LP001839,Male,21,1360.0,53600.0,555.0,Unemployed,4,360,Rural,0
LP001840,Male,27,4820.0,108500.0,633.0,Employed,0,360,Semi-Urban,1
LP001841,Male,21,16440.0,354000.0,550.0,Self-Employed,1,180,Semi-Urban,0
LP001842,Female,30,1750.0,47200.0,543.0,Unemployed,2,240,Urban,0
LP001843,Male,37,5820.0,94700.0,678.0,Employed,1,180,Rural,0
LP001844,Female,22,3560.0,75300.0,608.0,Employed,0,240,Urban,1
LP001845,Male,27,1730.0,43100.0,648.0,Unemployed,1,120,Urban,0
LP001846,Male,26,6500.0,142200.0,676.0,Employed,0,120,Urban,1
LP001847,Male,40,9290.0,175200.0,619.0,Employed,0,180,Urban,1
LP001848,Female,38,5430.0,94000.0,688.0,Employed,2,60,Urban,1
LP001849,Male,30,7920.0,268000.0,725.0,Employed,1,360,Semi-Urban,1
LP001850,Male,39,1400.0,41000.0,556.0,Self-Employed,3,120,Urban,0
LP001851,Male,31,8630.0,258200.0,737.0,Self-Employed,2,180,Semi-Urban,1
LP001852,Female,35,800.0,31600.0,748.0,Unemployed,1,360,Urban,1
LP001853,Male,56,3820.0,109000.0,598.0,Employed,0,180,Urban,1
LP001854,Female,52,6380.0,129400.0,666.0,Employed,0,180,Semi-Urban,0
LP001855,Male,23,2800.0,54900.0,705.0,Employed,0,360,Rural,1
LP001856,Male,47,6970.0,99600.0,781.0,Employed,3,360,Rural,1
LP001857,Male,46,6170.0,107600.0,624.0,Employed,0,60,Rural,1
LP001858,Male,25,1700.0,32500.0,509.0,Unemployed,0,180,Semi-Urban,0
LP001859,Male,47,3140.0,110300.0,609.0,Self-Employed,1,360,Semi-Urban,1
LP001860,Male,54,13260.0,314600.0,771.0,Employed,0,180,Semi-Urban,1
LP001861,Female,25,16240.0,465500.0,626.0,Employed,0,180,Semi-Urban,1
LP001862,Male,27,6740.0,146100.0,616.0,Employed,1,60,Urban,1
LP001863,Male,49,13030.0,189800.0,697.0,Employed,0,60,Semi-Urban,1
LP001864,Male,40,4240.0,58400.0,703.0,Self-Employed,0,240,Urban,1
LP001865,Male,44,3500.0,54700.0,760.0,Employed,0,360,Semi-Urban,1
LP001866,Male,41,830.0,31800.0,586.0,Unemployed,1,360,Semi-Urban,0
LP001867,Male,42,5560.0,138900.0,698.0,Employed,1,360,Urban,1
LP001868,Male,23,7150.0,126000.0,672.0,Employed,0,120,Urban,1
LP001869,Female,49,10700.0,149200.0,582.0,Self-Employed,1,36,Urban,1
LP001870,Female,50,9100.0,323600.0,665.0,Employed,0,360,Rural,1
LP001871,Male,35,2770.0,68500.0,614.0,Employed,3,120,Urban,1
LP001872,Male,37,6430.0,90500.0,646.0,Employed,0,120,Urban,1
LP001873,Male,21,2750.0,45600.0,562.0,Employed,1,360,Rural,0
LP001874,Male,43,5170.0,161400.0,559.0,Self-Employed,2,180,Semi-Urban,1
LP001875,Male,44,7720.0,119700.0,642.0,Employed,2,120,Urban,1
LP001876,Male,37,3080.0,100500.0,749.0,Self-Employed,0,360,Urban,1
LP001877,Female,50,7390.0,268800.0,806.0,Employed,0,360,Urban,1
LP001878,Female,34,2380.0,27900.0,666.0,Employed,1,60,Urban,1
LP001879,Male,44,14050.0,500000.0,626.0,Self-Employed,0,360,Urban,1
LP001880,Male,26,3770.0,53200.0,617.0,Employed,2,180,Semi-Urban,1
LP001881,Male,37,3090.0,59300.0,601.0,Employed,1,180,Rural,1
LP001882,Female,36,2470.0,58800.0,739.0,Employed,1,360,Semi-Urban,1
LP001883,Male,40,3950.0,133100.0,840.0,Employed,0,360,Semi-Urban,1
LP001884,Male,33,1900.0,33800.0,628.0,Employed,1,120,Urban,1
LP001885,Female,36,4020.0,65300.0,590.0,Employed,1,120,Urban,1
LP001886,Male,47,9940.0,267000.0,720.0,Employed,2,60,Rural,1
LP001887,Female,33,4900.0,181000.0,703.0,Employed,0,180,Urban,1
LP001888,Male,21,1460.0,9700.0,605.0,Unemployed,0,12,Rural,0
LP001889,Male,57,7070.0,110500.0,799.0,Employed,0,180,Semi-Urban,1
LP001890,Male,53,,53500.0,577.0,Self-Employed,0,36,Rural,0
LP001891,Female,23,18000.0,500000.0,575.0,Employed,1,180,Urban,1
LP001892,Female,45,6040.0,101900.0,597.0,Employed,3,36,Urban,0
LP001893,Female,32,5690.0,134000.0,684.0,Self-Employed,0,360,Semi-Urban,1
LP001894,Male,40,9230.0,213200.0,,Employed,2,120,Rural,1
LP001895,Female,41,7510.0,147100.0,850.0,Self-Employed,0,120,Urban,1
LP001896,Male,35,6770.0,260100.0,656.0,Employed,0,360,Rural,1
LP001897,Male,29,21390.0,500000.0,638.0,Employed,0,240,Urban,1
LP001898,Female,30,4670.0,79300.0,689.0,Employed,0,120,Urban,1
LP001899,Male,27,4560.0,103400.0,682.0,Employed,3,36,Semi-Urban,0
LP001900,Male,28,6850.0,216000.0,625.0,Self-Employed,0,240,Semi-Urban,1
LP001901,Male,37,9790.0,322200.0,668.0,Employed,1,180,Rural,1
LP001902,Male,30,800.0,22700.0,654.0,Unemployed,1,360,Semi-Urban,0
LP001903,Male,45,800.0,29900.0,589.0,Unemployed,3,180,Urban,0
LP001904,Male,54,2370.0,50900.0,696.0,Employed,0,120,Semi-Urban,1
LP001905,Male,31,1840.0,60400.0,850.0,Employed,0,180,Urban,1
LP001906,Female,40,4180.0,114700.0,828.0,Self-Employed,0,240,Semi-Urban,1
LP001907,Female,43,1250.0,30200.0,474.0,Unemployed,0,360,Semi-Urban,0
LP001908,Male,43,3650.0,46200.0,553.0,Employed,0,36,Urban,1
LP001909,Male,38,4100.0,71000.0,704.0,Employed,2,180,Semi-Urban,1
LP001910,Male,46,5900.0,52300.0,782.0,Employed,1,36,Semi-Urban,1
LP001911,Male,43,24940.0,500000.0,663.0,Self-Employed,1,180,Semi-Urban,1
LP001912,Male,24,,102100.0,642.0,Employed,1,360,Semi-Urban,1
LP001913,Male,47,3080.0,95200.0,618.0,Self-Employed,0,180,Urban,1
LP001914,Male,47,3670.0,66800.0,592.0,Employed,0,360,Urban,1
LP001915,Male,29,5910.0,210500.0,695.0,Employed,5,240,Urban,1
LP001916,Male,38,7510.0,99400.0,616.0,Employed,2,360,Urban,1
LP001917,Male,45,8110.0,150500.0,667.0,Employed,2,360,Semi-Urban,1
LP001918,Female,35,8560.0,132600.0,508.0,Employed,2,60,Rural,0
LP001919,Female,49,9260.0,297600.0,755.0,Employed,0,120,Semi-Urban,1
LP001920,Male,64,4660.0,49500.0,724.0,Employed,0,180,Semi-Urban,1
LP001921,Female,29,16800.0,268400.0,579.0,Employed,0,60,Semi-Urban,0
LP001922,Male,22,4470.0,113100.0,699.0,Employed,0,180,Urban,1
LP001923,Female,41,1560.0,53000.0,580.0,Unemployed,0,180,Rural,0
LP001924,Female,45,5770.0,230100.0,646.0,Employed,1,360,Rural,1
LP001925,Male,35,5440.0,74600.0,462.0,Employed,1,180,Semi-Urban,0
LP001926,Male,53,12620.0,192400.0,595.0,Employed,2,360,Urban,1
LP001927,Male,23,1110.0,30200.0,602.0,Unemployed,1,360,Semi-Urban,1
LP001928,Male,45,8730.0,278700.0,568.0,Employed,3,360,Urban,1
LP001929,Male,31,2460.0,34500.0,663.0,Self-Employed,0,120,Semi-Urban,1
LP001930,Male,56,10670.0,141200.0,792.0,Self-Employed,0,180,Rural,1
LP001931,Male,59,6730.0,169500.0,674.0,Employed,1,120,Urban,1
LP001932,Female,29,10420.0,180700.0,522.0,Employed,0,180,Rural,1
LP001933,Female,31,3890.0,69900.0,666.0,Self-Employed,0,180,Rural,1
LP001934,Male,47,9390.0,209300.0,687.0,Employed,0,360,Rural,1
LP001935,Male,33,5930.0,79200.0,618.0,Employed,0,180,Semi-Urban,1
LP001936,Male,37,21730.0,500000.0,735.0,Self-Employed,1,180,Urban,1
LP001937,Male,38,25140.0,459800.0,570.0,Employed,0,360,Semi-Urban,1
LP001938,Female,21,18520.0,259700.0,669.0,Self-Employed,1,36,Semi-Urban,0
LP001939,Male,37,7070.0,136400.0,569.0,Employed,1,180,Urban,1
LP001940,Male,30,32040.0,500000.0,657.0,Self-Employed,0,360,Semi-Urban,1
LP001941,Male,32,7570.0,64300.0,733.0,Employed,0,60,Semi-Urban,1
LP001942,Male,53,3300.0,125700.0,667.0,Employed,0,240,Urban,1
LP001943,Female,24,5320.0,74900.0,663.0,Employed,0,120,Urban,1
LP001944,Female,46,1810.0,78300.0,582.0,Unemployed,1,360,Urban,0
LP001945,Male,34,3430.0,53700.0,650.0,Employed,2,120,Semi-Urban,1
LP001946,Male,34,9930.0,163400.0,732.0,Employed,1,120,Semi-Urban,1
LP001947,Male,46,8750.0,240500.0,732.0,Employed,0,180,Urban,1
LP001948,Female,41,4130.0,116400.0,786.0,Employed,1,60,Rural,1
LP001949,Female,44,7460.0,94100.0,692.0,Employed,1,120,Urban,1
LP001950,Male,48,2370.0,28500.0,555.0,Employed,1,180,Semi-Urban,0
LP001951,Male,34,6010.0,142200.0,744.0,Employed,1,180,Semi-Urban,1
LP001952,Female,31,6970.0,179100.0,781.0,Employed,1,180,Rural,1
LP001953,Male,26,13890.0,416900.0,850.0,Employed,1,180,Urban,1
LP001954,Female,28,3550.0,75900.0,788.0,Employed,1,180,Rural,1
LP001955,Male,68,2580.0,40400.0,643.0,Self-Employed,0,240,Rural,1
LP001956,Male,51,3320.0,81600.0,694.0,Employed,1,120,Semi-Urban,1
LP001957,Male,23,2600.0,45500.0,659.0,Employed,0,60,Semi-Urban,1
LP001958,Male,23,11330.0,377400.0,649.0,Employed,0,360,Urban,1
LP001959,Male,43,800.0,17300.0,501.0,Unemployed,4,360,Semi-Urban,0
LP001960,Female,44,800.0,18600.0,606.0,Unemployed,3,120,Semi-Urban,0
LP001961,Male,44,18660.0,500000.0,560.0,Self-Employed,0,180,Semi-Urban,1
LP001962,Male,35,6480.0,185800.0,604.0,Employed,0,180,Semi-Urban,1
LP001963,Male,36,10630.0,250500.0,771.0,Employed,0,180,Semi-Urban,1
LP001964,Male,41,5850.0,158100.0,789.0,Employed,1,240,Urban,1
LP001965,Male,38,,86900.0,595.0,Employed,2,36,Urban,0
LP001966,Male,21,4520.0,132900.0,733.0,Employed,3,240,Urban,1
LP001967,Female,35,5080.0,118600.0,753.0,Self-Employed,1,36,Urban,1
LP001968,Male,28,2140.0,53600.0,659.0,Self-Employed,0,180,Semi-Urban,1
LP001969,Male,39,7590.0,194400.0,497.0,Self-Employed,1,360,Rural,0
LP001970,Male,68,5310.0,204400.0,554.0,Employed,0,180,Semi-Urban,1
LP001971,Female,42,10630.0,213100.0,560.0,Self-Employed,3,60,Semi-Urban,0
LP001972,Female,34,5720.0,262000.0,701.0,Employed,2,360,Semi-Urban,1
LP001973,Female,48,4970.0,125200.0,737.0,Employed,1,360,Urban,1
LP001974,Male,43,3430.0,129500.0,645.0,Self-Employed,0,360,Urban,1
LP001975,Male,42,5650.0,,662.0,Employed,0,180,Urban,1
LP001976,Male,44,8150.0,186100.0,677.0,Employed,0,60,Semi-Urban,1
LP001977,Male,60,2900.0,95300.0,628.0,Employed,2,360,Urban,0
LP001978,Male,25,6710.0,159000.0,692.0,Self-Employed,1,180,Urban,1
LP001979,Male,43,7430.0,126800.0,677.0,Self-Employed,0,360,Semi-Urban,1
LP001980,Male,27,3660.0,109400.0,554.0,Employed,1,120,Rural,1
LP001981,Male,44,4180.0,62000.0,629.0,Self-Employed,2,120,Semi-Urban,1
LP001982,Female,27,6170.0,127100.0,678.0,Employed,0,360,Rural,1
LP001983,Male,33,2910.0,104800.0,719.0,Employed,2,180,Semi-Urban,1
LP001984,Male,34,8060.0,155100.0,582.0,Self-Employed,2,60,Semi-Urban,0
LP001985,Female,48,3370.0,45700.0,625.0,Self-Employed,3,120,Semi-Urban,1
LP001986,Male,48,1290.0,35500.0,622.0,Unemployed,0,180,Rural,0
LP001987,Female,24,9750.0,218900.0,668.0,Employed,0,36,Urban,0
LP001988,Male,38,2780.0,97500.0,548.0,,0,180,Urban,1
LP001989,Male,30,6600.0,236900.0,755.0,Employed,0,180,Urban,1
LP001990,Female,24,,30900.0,636.0,Unemployed,0,360,Semi-Urban,0
LP001991,Female,35,9630.0,235200.0,697.0,Employed,1,180,Rural,1
LP001992,Female,34,2600.0,35200.0,683.0,Self-Employed,1,360,Urban,1
LP001993,Male,64,7070.0,146600.0,511.0,Employed,2,60,Urban,0
LP001994,Male,42,3360.0,58000.0,738.0,Employed,0,180,Rural,1
LP001995,Male,22,4850.0,93400.0,791.0,Employed,1,60,Semi-Urban,1
LP001996,Male,31,3080.0,64500.0,561.0,Employed,2,240,Semi-Urban,1
LP001997,Female,49,8540.0,247000.0,745.0,Employed,2,360,Rural,0
LP001998,Male,60,3510.0,105000.0,729.0,Self-Employed,2,360,Semi-Urban,1
LP001999,Female,21,7360.0,198700.0,594.0,Employed,1,180,Semi-Urban,1
LP002000,Male,21,4500.0,78400.0,580.0,Employed,3,180,Urban,0
LP002001,Male,58,5100.0,155000.0,575.0,Employed,0,360,Urban,1
LP002002,Male,42,5890.0,120800.0,675.0,Employed,1,360,Semi-Urban,1
LP002003,Female,28,3570.0,122200.0,713.0,Employed,0,360,Semi-Urban,1
LP002004,Female,43,6100.0,140700.0,580.0,Employed,0,180,Rural,1
LP002005,Female,21,12
